{"cameraMode":{"drawMode":0,"name":"Shaded","section":"Shading Mode"},"sceneLighting":true,"audioPlay":false,"sceneViewState":{"showFog":true,"showMaterialUpdate":false,"showSkybox":true,"showFlares":true,"showImageEffects":true,"showParticleSystems":true},"in2DMode":false,"pivot":{"x":42.11000061035156,"y":1.4199999570846558,"z":0.0},"rotation":{"x":-0.055749084800481799,"y":-0.03384307026863098,"z":0.001887685270048678,"w":-0.997877836227417},"size":571.425048828125,"orthographic":false}